country,cases,death,revovery
Singapore,"2,481,404","1,727","2,149,583"
New Zealand,"2,405,595","4,477","2,394,005"
Iraq,"2,465,545","25,375","2,439,497"
Romania,"3,406,899","68,224","3,252,104"
Hungary,"2,203,082","48,879","2,152,155"
"China, Hong Kong SAR","2,909,483","13,819","2,872,188"
Sweden,"2,711,671","24,489","2,673,923"
Denmark,"3,182,165","8,743","3,172,062"
Serbia,"2,543,185","18,057","2,523,264"
Bangladesh,"2,040,681","29,452","1,998,448"
Peru,"4,507,896","220,695","4,259,024"
Tokelau,5,0,0
Switzerland,"4,406,609","14,452","4,378,012"
Western Sahara,10,1,9
South Africa,"4,076,463","102,595","3,912,506"
Canada,"4,684,456","52,751","3,927,670"
Holy See,29,0,29
Philippines,"4,159,310","66,482","4,083,967"
Montserrat,"1,403",8,"1,376"
Falkland Islands,"1,930",0,"1,881"
Saint Helena,"2,166",0,2
Czechia,"4,642,538","42,807","4,599,391"
Tuvalu,"2,911",0,0
Saint Pierre and Miquelon,"3,452",2,"2,449"
Wallis and Futuna Islands,"3,550",8,438
Niue,820,0,818
Anguilla,"3,904",12,"3,879"
Kiribati,"5,037",24,"2,703"
Nauru,"5,393",1,"5,347"
Saint Barthélemy,"5,494",6,N/A
Palau,"6,015",9,"6,004"
Cook Islands,"7,142",2,"7,138"
British Virgin Islands,"7,305",64,N/A
Sao Tome and Principe,"6,587",80,"6,507"
Turks and Caicos Islands,"6,588",38,"6,529"
Saint Kitts and Nevis,"6,606",48,"6,554"
Sierra Leone,"7,762",126,N/A
Chad,"7,701",194,"4,874"
Liberia,"8,090",295,"7,783"
Antigua and Barbuda,"9,106",146,"8,954"
Comoros,"9,109",161,"8,939"
Guinea-Bissau,"9,614",177,"8,929"
Saint Vincent and the Grenadines,"9,631",124,"9,493"
Niger,"9,931",312,"8,890"
Eritrea,"10,189",103,"10,086"
"China, Macao SAR","10,615",123,"3,487"
Sint Maarten,"11,051",92,"10,905"
Caribbean Netherlands,"11,682",38,"10,476"
Saint Martin,"12,303",63,"1,399"
Greenland,"11,971",21,"2,761"
Yemen,"11,945","2,159","9,124"
Vanuatu,"12,019",14,"11,976"
Gambia,"12,626",372,"12,189"
Central African Republic,"15,368",113,"15,200"
Djibouti,"15,690",189,"15,427"
Marshall Islands,"16,098",17,"16,079"
Dominica,"15,760",74,"15,673"
Samoa,"16,763",31,"1,605"
Monaco,"16,814",67,"15,992"
Tonga,"16,817",13,"15,638"
Equatorial Guinea,"17,229",183,"16,907"
South Sudan,"18,368",138,"18,115"
Bermuda,"18,860",165,"18,685"
Grenada,"19,693",238,"19,358"
Tajikistan,"17,786",125,"17,264"
Nicaragua,"18,491",225,"4,225"
Gibraltar,"20,550",113,"16,579"
Burkina Faso,"22,056",396,"21,596"
Liechtenstein,"21,446",94,"21,352"
Timor-Leste,"23,456",138,"23,102"
Solomon Islands,"24,575",153,N/A
Congo,"25,375",386,"24,006"
Micronesia,"26,459",65,N/A
Saint Lucia,"30,052",409,"29,095"
Benin,"28,014",163,"27,847"
Cayman Islands,"31,472",37,"8,553"
Somalia,"27,334","1,361","13,182"
Mali,"33,151",743,"32,331"
Faeroe Islands,"34,658",28,N/A
Haiti,"34,301",860,"33,368"
Bahamas,"38,084",844,"36,366"
Lesotho,"34,790",723,"25,980"
Isle of Man,"38,008",116,N/A
Guinea,"38,563",468,"37,757"
Togo,"39,503",290,"39,210"
San Marino,"24,319",125,"24,189"
Mauritius,"42,642","1,051","40,904"
Mayotte,"42,027",188,N/A
Tanzania,"43,078",846,N/A
Aruba,"44,200",236,"42,438"
Papua New Guinea,"46,864",670,"43,982"
Gabon,"48,992",307,"48,674"
Andorra,"48,015",165,"47,563"
Seychelles,"50,937",172,"50,750"
Burundi,"53,954",38,"53,569"
Syria,"57,652","3,165","54,487"
Bhutan,"62,672",21,"61,564"
Cabo Verde,"64,030",414,"63,519"
Mauritania,"63,715",997,"62,471"
Sudan,"63,993","5,046","57,174"
Fiji,"69,072",885,"67,154"
Madagascar,"68,289","1,425","66,862"
Belize,"70,782",688,"70,085"
Curaçao,"45,986",295,"44,720"
Guyana,"73,286","1,298","71,955"
Eswatini,"74,670","1,425","73,116"
French Polynesia,"78,596",649,N/A
Malawi,"88,728","2,686","85,651"
Côte d'Ivoire,"88,331",835,"87,497"
New Caledonia,"79,922",314,"79,605"
Suriname,"82,563","1,406",N/A
DR Congo,"96,890","1,467","84,489"
French Guiana,"98,041",420,"11,254"
Channel Islands,"101,717",228,"101,321"
Barbados,"107,794",593,"106,971"
Cameroon,"125,087","1,972","122,807"
Angola,"105,384","1,934","103,419"
Malta,"118,858",840,"117,491"
Senegal,"88,999","1,971","87,024"
Rwanda,"133,194","1,468","131,647"
Namibia,"171,310","4,091","167,099"
Ghana,"171,657","1,462","170,161"
Cambodia,"138,887","3,056","135,798"
Uganda,"170,775","3,632","100,431"
Jamaica,"155,063","3,550","102,987"
Maldives,"186,683",316,"163,687"
El Salvador,"201,785","4,230","179,410"
Guadeloupe,"202,836","1,017",N/A
Kyrgyzstan,"206,890","2,991","196,406"
Iceland,"209,191",229,N/A
Laos,"218,380",758,N/A
Martinique,"229,975","1,102",N/A
Trinidad and Tobago,"191,496","4,390","187,078"
Afghanistan,"222,997","7,923","202,549"
Uzbekistan,"253,662","1,637","241,486"
Mozambique,"233,417","2,243","228,805"
Montenegro,"291,921","2,828","288,628"
Zimbabwe,"265,289","5,702","258,888"
Nigeria,"266,675","3,155","259,953"
Algeria,"271,851","6,881","183,059"
Brunei Darussalam,"308,777",225,"243,601"
Botswana,"329,953","2,801","327,049"
Kenya,"343,312","5,688","337,309"
Luxembourg,"319,959","1,232","316,690"
Albania,"334,726","3,602","329,428"
Zambia,"345,961","4,060","340,833"
Republic of North Macedonia,"348,281","9,677","337,068"
Oman,"399,449","4,628","384,669"
Réunion,"486,588",921,"418,572"
Armenia,"449,213","8,750","435,162"
Honduras,"472,619","11,116",N/A
China,"503,302","5,272","379,053"
Bosnia and Herzegovina,"403,030","16,348","379,084"
Ethiopia,"500,920","7,574","488,153"
Estonia,"619,148","3,001","524,990"
Libya,"507,266","6,437","500,827"
Qatar,"514,336",690,"513,437"
Egypt,"516,023","24,613","442,182"
Venezuela,"552,695","5,856","546,537"
Moldova,"620,656","12,123","504,142"
Cyprus,"660,854","1,364","546,203"
Dominican Republic,"661,596","4,384","644,785"
Kuwait,"665,955","2,570","660,237"
Sri Lanka,"672,528","16,877","655,647"
State of Palestine,"621,008","5,404","615,445"
Myanmar,"639,740","19,494","618,738"
Paraguay,"811,204","19,961",N/A
Azerbaijan,"831,894","10,281","821,599"
Bahrain,"722,320","1,566","720,660"
Saudi Arabia,"841,469","9,646","827,923"
Latvia,"978,074","6,377","971,406"
Belarus,"994,037","7,118","985,592"
Nepal,"1,003,361","12,031","991,322"
Uruguay,"1,038,774","7,634","1,030,944"
Ecuador,"1,062,275","36,019","942,651"
Panama,"1,042,631","8,634","1,032,845"
Mongolia,"1,010,034","2,179","941,511"
Tunisia,"1,153,361","29,423",N/A
Cuba,"1,114,669","8,530","1,105,984"
United Arab Emirates,"1,067,030","2,349","1,054,525"
Costa Rica,"1,234,384","9,382","860,711"
Bolivia,"1,201,671","22,387","1,170,245"
Lebanon,"1,238,411","10,932","1,087,587"
Guatemala,"1,257,291","20,205","1,232,923"
Lithuania,"1,321,137","9,691","1,310,759"
Morocco,"1,274,180","16,297","1,256,151"
Bulgaria,"1,308,683","38,412","1,268,437"
Croatia,"1,273,959","18,269","1,255,516"
Slovenia,"1,344,191","7,100","1,328,006"
Kazakhstan,"1,411,831","13,848","1,383,020"
Norway,"1,485,364","5,556","1,429,233"
Finland,"1,481,587","9,886","1,457,246"
Jordan,"1,746,997","14,122","1,731,007"
Ireland,"1,713,340","9,028","262,338"
Georgia,"1,843,707","17,087","1,776,548"
Pakistan,"1,581,155","30,661","1,538,689"
Slovakia,"1,866,857","21,167","1,844,976"
North Korea,"4,772,813",74,"4,772,739"
Thailand,"4,749,910","34,292","4,692,636"
Belgium,"4,800,759","34,364","4,462,999"
Malaysia,"5,112,019","37,118","5,057,145"
Ukraine,"5,557,995","112,418","4,904,953"
Israel,"4,827,640","12,552","4,798,473"
Chile,"5,288,075","64,497","5,223,494"
Portugal,"5,590,870","26,824","4,237,853"
Austria,"6,080,088","22,523","6,053,532"
Colombia,"6,369,916","142,780","6,190,683"
Greece,"6,095,350","37,052","4,389,584"
Poland,"6,517,599","119,623","5,335,940"
Indonesia,"6,811,201","161,844","6,639,751"
Iran,"7,612,352","146,291","7,368,396"
Taiwan,"10,239,998","19,005","10,075,840"
Mexico,"7,630,448","334,276","6,882,799"
Netherlands,"8,610,372","22,992","8,445,834"
Argentina,"10,056,300","130,514","9,064,882"
Vietnam,"11,619,451","43,206","10,639,819"
Spain,"13,905,048","121,622","13,740,203"
Australia,"11,672,767","21,463","11,609,163"
Turkey,"17,232,066","102,174",N/A
United Kingdom,"24,618,436","226,278","22,954,691"
South Korea,"32,018,486","34,960","17,120,321"
Italy,"25,887,444","190,706","25,580,707"
Brazil,"37,639,324","703,399","36,249,161"
Germany,"38,428,685","174,352","38,240,600"
Russia,"22,949,243","399,339","22,389,297"
India,"44,993,579","531,897","44,459,838"
France,"40,124,889","167,548","15,867,601"
Japan,"33,803,572","74,694",N/A
United States,"107,246,335","1,167,381","105,380,329"
